category,query,language,engine,title,link,source,pdf_link,date,snippet
political,Gagauzia statute OR autonomy Moldova 2024..2025,en,scholar,Moldovan policy in the context of the conflict between Russia and the West,https://openalex.org/W4410055423,Post-Soviet Issues (2025),,,
political,Gagauzia statute OR autonomy Moldova 2024..2025,en,scholar,Moldova‚Äôs transition to a productive market economy with the help of IT sector and the road to EU accession,https://openalex.org/W4406262229,Journal of Infrastructure Policy and Development (2025),,,
political,party financing Moldova OR PAS OR PSRM OR BEP 2024..2025,en,scholar,The New Collective Quantified Goal on climate finance,https://openalex.org/W4398769691,OECD/IEA climate change expert group papers (2024),,,
political,party financing Moldova OR PAS OR PSRM OR BEP 2024..2025,en,scholar,Climate and Energy Transitions in Times of Environmental Backlash? The European Union ‚ÄòGreen Deal‚Äô From Adoption to Implementation,https://openalex.org/W4401777155,JCMS Journal of Common Market Studies (2024),,,
political,party financing Moldova OR PAS OR PSRM OR BEP 2024..2025,en,scholar,Entangled Trajectories: The 2024 Electoral Year in Bulgaria and Romania,https://openalex.org/W4413408858,JCMS Journal of Common Market Studies (2025),,,
political,judiciary reform Moldova OR anticorruption 2024..2025,en,scholar,Going in Different Directions? The 2023 Elections in Poland and Slovakia and Their Aftermath,https://openalex.org/W4401100607,JCMS Journal of Common Market Studies (2024),,,
political,judiciary reform Moldova OR anticorruption 2024..2025,en,scholar,Nationalism and War in the 21st‚ÄêCentury Europe,https://openalex.org/W4413611956,JCMS Journal of Common Market Studies (2025),https://onlinelibrary.wiley.com/doi/pdfdirect/10.1111/jcms.70027,,
political,judiciary reform Moldova OR anticorruption 2024..2025,en,scholar,Some comments on the principle of judges and people's jurors adjudicate independently and are subject only to the law,https://openalex.org/W4412041952,Science & Technology Development Journal - Economics - Law and Management (2025),,,
political,protests Chi»ôinƒÉu OR opposition rally 2024..2025,en,scholar,Going in Different Directions? The 2023 Elections in Poland and Slovakia and Their Aftermath,https://openalex.org/W4401100607,JCMS Journal of Common Market Studies (2024),,,
political,protests Chi»ôinƒÉu OR opposition rally 2024..2025,en,scholar,Like Lady Godiva,https://openalex.org/W4413341524,M/C Journal (2025),,,
political,protests Chi»ôinƒÉu OR opposition rally 2024..2025,en,scholar,Understanding China‚Äôs Belt and Road Initiative,https://openalex.org/W4392014093,Asia in transition (2024),,,
political,Transnistria reintegration policy Moldova 2024..2025,en,scholar,Moldovan policy in the context of the conflict between Russia and the West,https://openalex.org/W4410055423,Post-Soviet Issues (2025),,,
political,foreign influence Moldova election OR interference 2024..2025,en,scholar,"Beyond External Incentives: The European Union, Wartime Enlargement and the Candidate Countries in Eastern Europe and the Western Balkans",https://openalex.org/W4413000465,JCMS Journal of Common Market Studies (2025),https://onlinelibrary.wiley.com/doi/pdfdirect/10.1111/jcms.70018,,
political,foreign influence Moldova election OR interference 2024..2025,en,scholar,TRANSFORMATION OF THE BUDGET SYSTEM OF UKRAINE IN THE FACE OF EXTRAORDINARY CHALLENGES AND THREATS,https://openalex.org/W4392291772,Financial and credit activity problems of theory and practice (2024),https://fkd.net.ua/index.php/fkd/article/download/4261/4014,,
political,foreign influence Moldova election OR interference 2024..2025,en,scholar,The Evolution of Digital Trade Law: Insights from TAPED,https://openalex.org/W4390582101,World Trade Review (2024),https://www.cambridge.org/core/services/aop-cambridge-core/content/view/8C9B4DA7D7FA50B10913BD7575929750/S1474745623000472a.pdf/div-class-title-the-evolution-of-digital-trade-law-insights-from-taped-div.pdf,,
political,sanctions Moldova media OR broadcasters 2024..2025,en,scholar,"Beyond External Incentives: The European Union, Wartime Enlargement and the Candidate Countries in Eastern Europe and the Western Balkans",https://openalex.org/W4413000465,JCMS Journal of Common Market Studies (2025),https://onlinelibrary.wiley.com/doi/pdfdirect/10.1111/jcms.70018,,
political,sanctions Moldova media OR broadcasters 2024..2025,en,scholar,Stanowisko UE wobec agresji Rosji przeciw Ukrainie,https://openalex.org/W4390813807,Studia Prawnicze KUL (2024),https://czasopisma.kul.pl/index.php/sp/article/download/16553/14911,,
political,sanctions Moldova media OR broadcasters 2024..2025,en,scholar,Criminal Liability of Legal Entities for a Just and Equitable Society: A Theoretic and Empirical Case,https://openalex.org/W4405235555,Journal of Lifestyle and SDGs Review (2024),,,
political,Transnistria negotiations 5+2 Moldova 2024..2025,en,scholar,,https://openalex.org/W4390484956,Socio World Social Research & Behavioral Sciences (2024),https://zenodo.org/records/10443165/files/SWD-13.03.2023.pdf,,
political,religion politics Moldova church influence 2024..2025,en,scholar,The Impact of the United Nations Human Rights Treaties on the Domestic Level in the Czech Republic,https://openalex.org/W4392195217,Brill | Nijhoff eBooks (2024),https://brill.com/downloadpdf/edcollchap-oa/book/9789004377653/BP000006.pdf,,
political,religion politics Moldova church influence 2024..2025,en,scholar,The Law &amp; Politics of Brexit: Volume V,https://openalex.org/W4398255335,Oxford University Press eBooks (2024),https://academic.oup.com/book/56381/book-pdf/57406675/9780198908296_web.pdf,,
political,religion politics Moldova church influence 2024..2025,en,scholar,RUSSIAN SOFT POWER AS AN INSTRUMENT OF INFLUENCE ON BELARUS,https://openalex.org/W4405686082,PrzeglƒÖd Wschodnioeuropejski (2024),,,
political,political advertising Moldova regulation 2024..2025,en,scholar,Seven Arguments in Favour of Rethinking Corruption,https://openalex.org/W4392398079,eucrim ‚Äì The European Criminal Law Associations Forum (2024),,,
political,political advertising Moldova regulation 2024..2025,en,scholar,METHOD FOR DETERMINING THE DEGREE OF DEFORMATION DURING ROTARY DRAWING WITH THINNING OF THE WALL,https://openalex.org/W4405586976,2024,,,
political,political advertising Moldova regulation 2024..2025,en,scholar,CRITERIA OF ROAD DURABILITY,https://openalex.org/W4405587139,2024,,,
political,Moldova election 2024 analysis,en,youtube,Moldova bars pro-Russian party from tense parliamentary election ‚Ä¢ FRANCE 24 English,https://www.youtube.com/watch?v=qwRloizr1Tg,FRANCE 24 English,,20250927,"Moldova‚Äôs electoral commission barred a pro-Russian party from participating in this weekend's tense parliamentary election, which is beleaguered by widespread claims of Russian interference. The vote could decide the country‚Äôs geopolitical future: a stark choice between East and West. Details by FRANCE 24 correspondent Maria Gerth-Niculescu.
#Moldova #election #Russia

üîî Subscribe to France 24 now: https://f24.my/YTen
üî¥ LIVE - Watch FRANCE 24 English 24/7 here: https://f24.my/YTliveEN

üåç Read t"
political,Moldova election 2024 analysis,en,youtube,MCC Votes & Seats: ‚ÄúA Tough Lesson‚Äù ‚Äì Moldova after the 2024 Presidential Election and EU Referendum,https://www.youtube.com/watch?v=tpQOWBMF9L4,Mathias Corvinus Collegium,,20241202,"This time, we analyze the October 2024 presidential election and EU membership referendum that were held in Moldova on the same day.

Mr. Nicolae Panfil from Promo-LEX claims that the referendum turned out to be a ‚Äúdouble-edged sword‚Äù in the campaign of incumbent head-of-state Maia Sandu: it did boost the president‚Äôs pro-EU image, yet it also gave a momentum to the pro-Russia machinery in the country.

By now, Sandu‚Äôs Party of Action and Solidarity absorbed all political power and marginalized o"
political,Moldova election 2024 analysis,en,youtube,Moldova Elections 2024: Maia Sandu Vs Alexandr Stoianoglo | Latest News | WION,https://www.youtube.com/watch?v=0cA_eOMlG9M,WION,,20241103,"Amid concerns about Russian intervention, Moldovans went to the polls on Sunday to cast their ballots in a presidential election runoff that might be pivotal to the nation's future in Europe.

#moldova #moldovaelection #wion 

About Channel: 

WION The World is One News examines global issues with in-depth analysis. We provide much more than the news of the day. Our aim is to empower people to explore their world. With our Global headquarters in New Delhi, we bring you news on the hour, by the h"
political,Moldova election 2024 analysis,en,youtube,Moldova's pro-EU party wins vote among claims of Russian interference | BBC News,https://www.youtube.com/watch?v=B_EAG70vRmk,BBC News,,20250929,"The pro-European party of Moldovan President Maia Sandu has claimed victory and a new majority in parliament in elections seen as critical for her country's future path to the EU.
 
Sandu had warned of ""massive Russian interference"" after voting, saying the future of her country, flanked by Ukraine and Romania, was at stake.
 
Igor Grosu, the leader of Sandu's Party of Action and Solidarity (PAS), said it had been ""an extraordinarily difficult battle"" and that Russia had thrown ""everything it ha"
political,Moldova election 2024 analysis,en,youtube,Moldova Elections 2024: Incumbent Sandu Leading In Early Trends | Latest News | WION,https://www.youtube.com/watch?v=N0n3lEwseRY,WION,,20241021,"After preliminary results indicated that the election was headed for a close run-off and an EU referendum that was coming down to the wire, Moldovan President Maia Sandu said Sunday's dual ballots faced a ""unprecedented"" attack from outside interference.

#moldova #moldovaelection #wion 

About Channel: 

WION The World is One News examines global issues with in-depth analysis. We provide much more than the news of the day. Our aim is to empower people to explore their world. With our Global hea"
political,Moldova election 2024 analysis,en,youtube,EU or Russia? Sandu warns of Moscow interference in Moldova election 2025 | Times Now World,https://www.youtube.com/watch?v=QOUVHKzwEAE,Times Now World,,20250928,"Moldova‚Äôs parliamentary election on September 28 has drawn intense global scrutiny as the country faces a choice between continued European Union integration and closer ties with Russia. The pro-European administration in Chisinau confronts challenges from a pro-Russian opposition that criticizes the government and EU influence amid corruption, economic hardship, and massive emigration. Russian-backed forces in Transnistria continue to exert influence, while concerns over possible election annul"
political,Moldova election 2024 analysis,en,youtube,Moldova President Maia Sandu claims election victory despite alleged Russian meddling | BBC News,https://www.youtube.com/watch?v=mwi0wVf49gE,BBC News,,20241104,"Moldova's pro-EU President Maia Sandu has claimed a second term after a tense election run-off seen as a choice between Europe and Russia.

Her rival Alexandr Stoianoglo, who was backed by the pro-Russian Party of Socialists, had called for a closer relationship with Moscow.

During the day the president's national security adviser said there had been ""massive interference"" from Russia in Moldova's electoral process that had ""high potential to distort the outcome"".

Russia had already denied med"
political,Moldova election 2024 analysis,en,youtube,Commuters and analyst comment on Moldova president's win in election,https://www.youtube.com/watch?v=PmFrEtRIohw,AP Archive,,20241109,"(4 Nov 2024) 
RESTRICTIONS SUMMARY:

ASSOCIATED PRESS 
Chisinau, Moldova -  4 November 2024
1. Various of president's office 
2. Early commuters
3. SOUNDBITE (Romanian) Ion Margine, 70, retired
""The result is... well it's what the people of Moldova and the diaspora want and we thank them all for this. And the future for us, for our children and grandchildren, is now linked to Maia Sandu so we wish her good luck and good health for her from now on.""
4. People walking in streets 
5. SOUN"
political,Moldova election 2024 analysis,en,youtube,Who holds the reins? Moldova‚Äôs post-election political power map,https://www.youtube.com/watch?v=2AYlLXHxmFM,European Policy Centre,,20250929,"Elections Monitor 
29 September 2025 

Speakers: Dr. Ionela Maria Ciolan, Research Officer, Wilfried Martens Centre for European Studies; Anastasia Pociumban, Research Fellow and Project Manager, Eastern Partnership Think Tank Network, German Council on Foreign Relations (DGAP)

Moderator: Amanda Paul, Deputy Head of the Europe in the World Programme & Senior Policy Analyst, European Policy Centre 


Moldova‚Äôs parliamentary elections on 28 September 2025 represented another critical moment for t"
political,Moldova election 2024 analysis,en,youtube,Russian-funded fake news network aims to disrupt election in Moldova  | BBC News,https://www.youtube.com/watch?v=eEqk3Z4_Okk,BBC News,,20250921,"A secret Russian-funded network is attempting to disrupt upcoming democratic elections in an eastern European state, the BBC has found.

Using an undercover reporter, we discovered the network promised to pay participants if they posted pro-Russian propaganda and fake news undermining Moldova's pro-EU ruling party ahead of the country's 28 September parliamentary ballot.

Moldova is sandwiched between Ukraine, and EU-member Romania, meaning it has strategic significance for both Europe and the K"
political,Gagauzia autonomy Moldova 2024,en,youtube,How Russia stokes tensions in Gagauzia to win Moldova | DW News,https://www.youtube.com/watch?v=yT2nRMT7ITg,DW News,,20240613,"European Union member states are currently discussing whether to open accession negotiations with Ukraine and Moldova. The European Commission announced last week that both countries have met the necessary requirements to begin these talks.... 

However, the process is far from straightforward. In Moldova, pro-Kremlin parties are actively working to prevent the country from joining the EU.  

DW reporter Grzegorz Szymanowski visited the autonomous region of Gagauzia, where a pro-Russian governor"
political,Gagauzia autonomy Moldova 2024,en,youtube,Moldova Accused of Suppressing the Rights of the Gagauz People,https://www.youtube.com/watch?v=HwhMTH9bGNg,Scumbums,,20240301,"The head of the autonomous region of Gagauzia has traveled to Moscow to express grievances. Moldova is currently facing criticism for what is perceived as a suppression of the Gagauz people's rights, crossing all boundaries. The regional leader's plea for support highlights the tensions and the call for understanding against the backdrop of alleged Russophobia and anti-Russian sentiments by the current Moldovan authorities, which are deemed contrary to the national interests of the Republic of M"
political,Gagauzia autonomy Moldova 2024,en,youtube,Gagauzia autonomous region in Moldova | Walking in Comrat | 4K üá≤üá©,https://www.youtube.com/watch?v=jWxapF51TVs,Waundra Travel,,20240913,"Visiting Comrat, the capital of Moldova's autonomous and pro-Russia region Gagauzia.

0:00 I Love Komrat & Afghan Monument
0:28 Central Park & Saint John Cathedral
1:35 Glory Alley of Gagauzia & Comrat State University
3:00 Lenin Statue & Executive Committee Building
3:43 Victory Street & Market
4:56 Liberation Park & Monuments
6:54 Residential Neighbourhoods
10:00 Comrat Lake

Filmed on 5 September 2024
Camera: DJI Osmo Pocket 3"
political,Gagauzia autonomy Moldova 2024,en,youtube,Gagauzia Tour- Moldova,https://www.youtube.com/watch?v=pYD4gi8TQiM,Gloria Guide Moldova,,20240606,"Gagauzia, located in southern Moldova, is a unique autonomous region with a rich cultural heritage. This lesser-known region offers a glimpse into rural Soviet history, with its own government and police force. Visitors can explore the capital, Comrat, and rural villages, experiencing the local traditions and hospitality. With its distinct Turkic origin and blend of Soviet and European influences, Gagauzia is a fascinating destination for those seeking an off-the-beaten-path adventure!

For more"
political,Gagauzia autonomy Moldova 2024,en,youtube,Hederlez Festival 2024 in Gagauzia üá≤üá© ‚Äì Spring Celebration Among Christian Turks,https://www.youtube.com/watch?v=cO0nJGM98Ks,Zeno Kugy,,20240921,"Visiting Gagauzia, an autonomous region in southern Moldova, home to the Gagauz people, a Turkic-speaking Christian community.

We attended Hederlez, the traditional spring festival celebrated with music, food, dancing, and horse races.
A unique glimpse into a little-known culture in Eastern Europe.

0:14 Gagauzia border sign
0:39 Tomai / Tomay
1:21 Hederlez location / Traditional clothes
1:54 Stands with typical products
2:24 Gagauzian flag
2:28 Traditional games
4:02 Market and local products
"
political,Gagauzia autonomy Moldova 2024,en,youtube,"This Is How Forgotten Christian Turks Live In Moldova üá≤üá© Inside Gagauzia, Ceadir-Lunga",https://www.youtube.com/watch?v=rO6VATu_Hzs,Davud Akhundzada,,20240823,"The Gagauz Turks are an ethnic group with a unique culture and language. They reside primarily in the autonomous region of Gagauzia, which is located in the southern part of Moldova. Gagauzia is known for its rich traditions, including vibrant folk music and distinctive cuisine. The people of Gagauzia are proud of their heritage and work hard to preserve their cultural identity. The region has its own flag, anthem, and even its own national day. Gagauzia is a fascinating place with a rich histor"
political,Gagauzia autonomy Moldova 2024,en,youtube,"$400 Kisses From Christian Turk Babushkas In Gagauzia, Be»ôalma, Moldova üá≤üá©",https://www.youtube.com/watch?v=tR3xRitH9g0,Davud Akhundzada,,20240821,"The Gagauz Turks are an ethnic group with a unique culture and language. They reside primarily in the autonomous region of Gagauzia, which is located in the southern part of Moldova. Gagauzia is known for its rich traditions, including vibrant folk music and distinctive cuisine. The people of Gagauzia are proud of their heritage and work hard to preserve their cultural identity. The region has its own flag, anthem, and even its own national day. Gagauzia is a fascinating place with a rich histor"
political,Gagauzia autonomy Moldova 2024,en,youtube,Marshrutka From Chisinau Moldova To Comrat Gagauzia - Part 4 - March 2024,https://www.youtube.com/watch?v=3fgBrd2hsKM,Jonny Blair,,20240409,Marshrutka From Chisinau Moldova To Comrat Gagauzia - Part 4 - March 2024
political,Gagauzia autonomy Moldova 2024,en,youtube,Marshrutka From Chisinau Moldova To Comrat Gagauzia - Part 5 - March 2024,https://www.youtube.com/watch?v=OUhbi-tMXxU,Jonny Blair,,20240409,Marshrutka From Chisinau Moldova To Comrat Gagauzia - Part 5 - March 2024
political,Gagauzia autonomy Moldova 2024,en,youtube,ZDENKA MACHNYIKOVA - comparative practices with focus on Aland Islands and South Tyrol autonomies,https://www.youtube.com/watch?v=wnua28ulx0I,Gagauzia Dialogue,,20240415,
political,Maia Sandu speech 2024,en,youtube,Moldova's pro EU President Maia Sandu wins re election,https://www.youtube.com/watch?v=zbQKPPnhpNI,Global South World,,20241104,"Moldova's pro-European Union incumbent, Maia Sandu, secured a tense victory in the presidential runoff on Sunday, November 3.

She defeated her rival Alexandr Stoianoglo backed by a pro-Russian party. Sandu received 54.94% of the vote, while Stoianoglo garnered 45.06%, according to near-complete results from the election commission.

‚ÄúA lesson in democracy‚Äù ‚Äì Maia Sandu calls it.  But with strong opposition in pro-Russian areas, how unified is Moldova‚Äôs path to the EU?

Visit globalsouthworld.co"
political,Maia Sandu speech 2024,en,youtube,Maia Sandu sworn in for second term as Moldova's president amid EU hopes,https://www.youtube.com/watch?v=NcUcOT3PJCo,euronews,,20241224,"The role, which holds significant powers in areas such as foreign policy and national security, is limited by Moldovan law to two consecutive four-year terms.

READ MORE : https://www.euronews.com/2024/12/24/maia-sandu-returns-office-for-second-term-as-president-of-moldova

Subscribe to our channel: https://www.youtube.com/c/euronews?sub_confirmation=1
Watch our LIVE here: https://www.youtube.com/c/euronews/live

Subscribe to our thematic channels:
NoComment: https://www.youtube.com/c/nocommentt"
political,Maia Sandu speech 2024,en,youtube,President Maia Sandu gives live address from Moldova during EED‚Äôs 10th anniversary event,https://www.youtube.com/watch?v=goZ96JC_Pgk,European Endowment for Democracy,,20241030,President Maia Sandu gave a live address from Moldova during EED‚Äôs 10th anniversary event on 3 July. She applauded the work of EED in fostering dialogue and supporting civil society as well as all those who advocate for democracy.
political,Maia Sandu speech 2024,en,youtube,Pro-European President Maia Sandu Sworn In For Second Term In Moldova,https://www.youtube.com/watch?v=Qm-0yNPtyBg,ACCESS 24,,20241224,"- Subscribe to our channel: https://www.youtube.com/channel/UCr86TOVjVtLFhEHUMRgsi3w
- Follow us on Twitter: https://twitter.com/Access24Network
- Find us on Facebook: https://www.facebook.com/Access24Network
- Check our website: http://www.access24.news"
political,Maia Sandu speech 2024,en,youtube,Moldova's pro-western president Maia Sandu wins second term,https://www.youtube.com/watch?v=wGOFtUdHNKo,Guardian News,,20241104,"Maia Sandu, the pro-western incumbent president of Moldova, has won a second term in office preliminary election results show, marking a significant boost for the country‚Äôs EU aspirations and a clear rebuke to Moscow.
Subscribe to Guardian News on YouTube ‚ñ∫ http://bit.ly/guardianwiressub

The runoff election was seen as a crucial indicator of whether the country‚Äôs long-term geopolitical alignment woud be with Russia or Europe. Sandu, who has intensified her country‚Äôs efforts to break away from M"
political,Maia Sandu speech 2024,en,youtube,Maia Sandu wins second term in Moldovan election in rebuke to Kremlin,https://www.youtube.com/watch?v=DVwsHDz7F94,B.C. Begley,,20241104,"Pro-Western incumbent Maia Sandu has secured a second term as Moldova‚Äôs president, according to preliminary election results, bolstering the country‚Äôs EU aspirations and signaling a rejection of Russian influence.

In the runoff, Sandu received 54.35% of the vote against Kremlin-aligned candidate Alexandr Stoianoglo.

With significant support from the Moldovan diaspora, her victory is seen as a key endorsement of her pro-EU agenda.

Sandu vowed to represent all citizens in her victory speech, em"
political,Maia Sandu speech 2024,en,youtube,Maia SANDU at the EPP Congress 2024 in Bucharest,https://www.youtube.com/watch?v=HAVsYMVAQbE,EPP,,20240306,
political,Maia Sandu speech 2024,en,youtube,Secretary Blinken holds a joint press availability with Moldovan President Maia Sandu,https://www.youtube.com/watch?v=u2Azkj7yzyA,U.S. Department of State,,20240529,"Secretary of State Antony J. Blinken holds a joint press availability with Moldovan President Maia Sandu in Chisinau, Moldova, on May 29, 2024.

Transcript: https://www.state.gov/secretary-antony-j-blinken-and-moldovan-president-maia-sandu-at-a-joint-press-availability-2/
----------
Under the leadership of the President and Secretary of State, the U.S. Department of State leads America‚Äôs foreign policy through diplomacy, advocacy, and assistance by advancing the interests of the American people,"
political,Maia Sandu speech 2024,en,youtube,Incumbent Maia Sandu wins second term as Moldovan president in runoff marred by interference claims,https://www.youtube.com/watch?v=xR5Kt2RXWC8,AP Archive,,20241109,"(4 Nov 2024) 
RESTRICTION SUMMARY:

ASSOCIATED PRESS
Chisinau, Moldova - 4 November 2024
1. Various of incumbent Moldovan President Maia Sandu receiving flowers and being cheered by supporters at her headquarters after winning runoff vote
2. Sandu arriving for briefing
3. Mid of cameras
4. Camera filming Sandu
5. SOUNDBITE (Romanian) Maia Sandu, incumbent Moldovan President:
‚ÄúToday, dear Moldovans, you have given a lesson in democracy, worthy of being written in history books. Today, y"
political,Maia Sandu speech 2024,en,youtube,"Maia Sandu wins second presidential term: 'Today, you have saved Moldova'",https://www.youtube.com/watch?v=Lg9Kh7fQ1LI,Sky News,,20241104,"The Moldovan president saw off a challenge from a Russia-friendly opponent in an election race that has been marred by accusations of interference and voter intimidation.

SUBSCRIBE to our YouTube channel for more videos: http://www.youtube.com/skynews 
Follow us on Twitter: https://twitter.com/skynews 
Like us on Facebook: https://www.facebook.com/skynews 
Follow us on Instagram: https://www.instagram.com/skynews 
Follow us on TikTok: https://www.tiktok.com/@skynews 

For more content go to htt"
political,Igor Dodon interview 2024,en,youtube,"Andrei Bolocan, despre Igor Dodon ‚¨Ü",https://www.youtube.com/watch?v=PRZG-VExqzo,Ziarul de GardƒÉ,,20240124,Interviul integral cu Andrei Bolocan poate fi vƒÉzut aici: https://youtu.be/NmTjRpgWFbA
political,Igor Dodon interview 2024,en,youtube,"–ò–≥–æ—Ä—å –î–æ–¥–æ–Ω –Ω–µ –¥–∞–ª –æ–ø—Ä–µ–¥–µ–ª–µ–Ω–Ω–æ–≥–æ –æ—Ç–≤–µ—Ç–∞ –Ω–∞ –≤–æ–ø—Ä–æ—Å, –±—É–¥–µ—Ç –ª–∏ —É—á–∞—Å—Ç–≤–æ–≤–∞—Ç—å –≤ –ø—Ä–µ–∑–∏–¥–µ–Ω—Ç—Å–∫–∏—Ö –≤—ã–±–æ—Ä–∞—Ö",https://www.youtube.com/watch?v=ChTYjln13y8,–ú–æ–ª–¥–æ–≤–∞ news,,20230908,
political,Igor Dodon interview 2024,en,youtube,Pro-Russian Former Moldovan President Couldn't Say Who Started The War In Ukraine,https://www.youtube.com/watch?v=2EHMHaZGzz0,Radio Free Europe/Radio Liberty,,20240627,"Former Moldovan President Igor Dodon was challenged on his pro-Kremlin stance over Moscow's ongoing war in Ukraine and how Russian-speakers are treated in his country. In an exclusive interview with @CurrentTimeTV, Dodon refused to say that Russia was to blame for the conflict in Ukraine.

#ukrainewar #ukrainerussiawar #ukrainenews #ukrainerussia #moldova"
political,Igor Dodon interview 2024,en,youtube,Ion Ceban: Cu Igor Dodon discut doar lucruri legate de municipalitate,https://www.youtube.com/watch?v=ZxaiCLwAMqY,Radar Politic,,20240304,
political,Igor Dodon interview 2024,en,youtube,Alexandru TƒÉnase: Miza Kremlinului la alegerile preziden»õiale va fi Igor Dodon,https://www.youtube.com/watch?v=TwBJSdKAUbU,Radar Politic,,20240702,https://t.me/RadarPolitic - abona»õi-vƒÉ pentru »ôtiri politice non-stop
political,Igor Dodon interview 2024,en,youtube,UNInterviu cu Igor Dodon. 22.08.2024,https://www.youtube.com/watch?v=LX5SCSD0e3Q,Igor Dodon | –ò–≥–æ—Ä—å –î–æ–¥–æ–Ω ,,20240823,
political,Igor Dodon interview 2024,en,youtube,Se √Ænchid »ôcolile ruse»ôti?,https://www.youtube.com/watch?v=aQEw-zLKFp0,Ziarul de GardƒÉ,,20240815,"√én ultima perioadƒÉ, s-au intensificat declara»õiile politicienilor pro-ru»ôi cu privire la √Ænchiderea »ôcolilor cu predare √Æn limba rusƒÉ. √én cadrul unui interviu recent, fostul pre»ôedinte al R. Moldova, socialistul Igor Dodon, a repetat de c√¢teva ori aceastƒÉ afirma»õie.  

Sociologul Vasile Cantarji sus»õine cƒÉ declara»õiile politicienilor despre √Ænchiderea »ôcolilor cu predare √Æn limba rusƒÉ reprezintƒÉ o manipulare deoarece sunt rupte dintr-un context informa»õional mai amplu.

Politicienii jongleazƒÉ cu"
political,Igor Dodon interview 2024,en,youtube,"–ò–≥–æ—Ä—å –î–æ–¥–æ–Ω ‚Äì —Ç—Ä—É–¥—è–≥–∞, –Ω–∞–¥–æ –≤—ã–±—Ä–∞—Ç—å –µ–≥–æ.",https://www.youtube.com/watch?v=3ooc_tqBFRE,AVA TV,,20240506,"–≠–∫—Å-–ø—Ä–µ–∑–∏–¥–µ–Ω—Ç –º–æ–∂–µ—Ç —Ä–∞—Å–ø–∏–ª–∏—Ç—å —Å–∫–∞–º–µ–π–∫—É, –∏—Å–ø–µ—á—å –∫—É–ª–∏—á, –∏ –≤–æ–∑–º–æ–∂–Ω–æ –¥–∞–∂–µ –∑–∞–±–∏—Ç—å –≥–≤–æ–∑–¥—å."
political,Igor Dodon interview 2024,en,youtube,–ó–∞–ø–∞–¥ –ø–æ–º–æ–≥–∞–µ—Ç –°–∞–Ω–¥—É —É–¥–µ—Ä–∂–∏–≤–∞—Ç—å –≤–ª–∞—Å—Ç—å –≤ –ú–æ–ª–¥–∞–≤–∏–∏? –í–∑–≥–ª—è–¥ –î–æ–¥–æ–Ω–∞ || #–°–∞–Ω–¥—É #–ú–æ–ª–¥–æ–≤–∞ #–ú–æ–ª–¥–∞–≤–∏—è #–î–æ–¥–æ–Ω,https://www.youtube.com/watch?v=NgFDBkA4K2c,Mash Room,,20240614,#–°–∞–Ω–¥—É #–ú–æ–ª–¥–æ–≤–∞ #–ú–æ–ª–¥–∞–≤–∏—è #–î–æ–¥–æ–Ω
political,Igor Dodon interview 2024,en,youtube,√éntreabƒÉ Ghe»õu: Ce face Dodon √Æn Federa»õia RusƒÉ?,https://www.youtube.com/watch?v=nf_TsS1AAJs,TV8,,20241212,"‚ÅâÔ∏è√éntreabƒÉ Ghe»õu: Ce face Dodon √Æn Federa»õia RusƒÉ?
üî¥ De ce nu a mers »ôi Vlad Batr√Æncea? üëáüëá
#psrm #parlament #socialistii #dodon #moscova #√éntreabƒÉghe»õu #ghetuparlament #ntreabaghetu #tv8"
